CGPA,10th_Percentage,12th_Percentage,Attendance_Percentage,Backlogs,Internships,Projects,Certifications,Coding_Score,Communication_Score,Aptitude_Score,Technical_Interview_Score,Soft_Skills_Score,Placement
7.3,70.39,73.45,77.99,1,1,2,0,73.19,82.87,53.71,69.15,48.23,0
5.96,68.25,85.33,90.82,0,0,1,0,70.09,89.07,64.13,56.32,63.74,0
7.75,81.1,86.65,84.53,0,1,5,2,61.37,67.7,78.79,70.83,59.44,1
7.94,81.41,59.78,75.72,0,1,2,1,95.99,75.92,65.76,44.32,72.93,1
5.05,89.59,70.88,74.21,1,3,1,2,76.83,47.09,65.81,44.82,67.1,1
5.7,87.9,87.58,67.17,0,2,4,2,52.01,71.59,67.08,55.98,53.74,1
7.13,76.81,79.08,84.62,0,0,1,2,41.6,52.02,38.6,83.96,83.65,1
6.68,66.8,75.95,78.81,0,1,0,2,73.07,65.19,69.88,62.61,79.08,1
6.98,75.13,71.82,60.65,1,2,2,0,63.11,100.0,66.4,55.59,85.03,0
6.15,79.96,70.16,77.18,0,1,0,4,41.14,69.95,77.39,84.71,68.84,1
7.88,76.18,76.88,73.89,0,0,1,0,70.86,54.77,73.09,55.41,65.57,1
7.78,72.8,71.48,96.18,0,1,0,3,59.7,71.3,60.97,95.76,74.44,0
7.07,80.28,73.57,66.67,0,0,1,0,72.49,59.28,79.49,51.82,59.07,0
8.13,73.46,74.79,69.03,1,1,3,1,71.07,53.51,59.61,43.81,67.56,0
7.47,72.35,67.22,91.99,0,1,1,0,54.27,93.34,67.71,57.34,63.89,0
6.14,80.8,79.32,94.21,0,1,2,2,74.13,79.87,59.33,56.01,48.47,1
7.37,74.38,100.0,75.3,2,4,1,0,56.03,70.49,70.93,47.08,67.53,1
6.04,80.2,56.23,76.31,0,2,1,0,57.07,60.91,58.35,100.0,60.71,1
7.88,80.46,77.24,87.55,0,2,4,2,55.48,61.96,88.71,65.1,63.09,0
6.95,67.75,66.4,61.06,1,1,5,1,82.1,86.05,94.26,67.43,70.37,1
6.82,73.67,79.77,65.25,0,0,1,0,59.51,69.99,77.11,52.61,81.27,1
6.32,90.94,74.47,79.47,2,0,1,1,85.96,25.92,87.12,50.76,55.81,1
8.22,67.54,81.62,95.95,0,2,0,0,92.54,97.47,40.91,76.41,61.96,1
6.85,58.95,85.76,78.08,0,0,4,1,52.18,68.38,42.68,33.19,56.82,0
6.57,61.24,75.92,82.91,1,1,4,1,17.26,70.46,59.18,41.71,56.04,0
6.65,78.26,85.32,92.2,2,4,4,0,80.71,80.13,64.62,56.04,58.87,0
7.53,78.28,50.56,100.0,1,1,3,0,58.53,72.05,61.03,81.62,63.64,1
7.37,76.94,89.9,76.81,0,0,2,1,50.14,75.71,39.37,54.01,73.03,1
7.41,88.93,77.75,81.85,1,2,3,0,54.58,60.49,81.27,66.66,69.85,1
7.43,53.94,84.78,98.4,0,1,3,2,57.36,50.01,96.31,60.44,53.32,1
9.14,81.56,61.8,68.3,0,0,2,0,84.76,69.64,83.21,80.74,81.53,1
6.59,92.05,65.69,91.25,0,0,1,0,66.56,84.61,80.28,34.64,77.33,1
6.49,67.85,75.46,72.84,0,0,0,0,84.54,57.58,67.39,71.78,55.19,1
6.19,74.58,73.83,82.92,2,1,2,1,71.91,56.54,51.36,56.82,80.69,0
7.62,71.22,76.83,79.82,1,1,4,3,59.05,81.87,65.09,74.8,69.92,1
8.13,69.95,84.85,73.38,1,3,1,3,57.75,60.06,95.58,46.89,64.12,1
6.89,75.06,56.35,73.15,0,2,2,0,72.99,60.66,58.72,60.39,70.3,0
6.16,90.85,83.74,84.49,1,0,0,1,77.13,61.15,57.18,58.36,65.69,0
6.18,94.54,74.08,90.96,0,0,1,1,79.95,65.16,80.61,43.96,72.54,1
7.65,74.98,71.96,80.83,0,0,3,2,59.82,45.54,81.61,39.51,68.25,1
7.74,95.15,59.29,82.63,0,1,1,1,66.8,58.99,51.28,50.71,61.95,1
7.54,78.32,79.03,87.14,0,0,2,2,73.34,68.99,60.08,62.08,41.69,1
6.33,93.78,49.86,73.26,0,1,1,1,57.86,68.9,56.47,47.89,72.33,0
7.23,77.16,80.48,88.66,1,0,1,2,45.84,81.05,65.05,54.72,61.52,1
7.12,79.18,59.08,89.37,0,1,1,3,51.1,89.91,80.56,29.83,75.34,1
7.22,81.29,74.53,100.0,0,0,2,2,60.14,85.66,51.94,54.07,71.78,1
7.87,100.0,72.81,78.62,1,0,4,1,74.6,77.89,80.34,76.38,61.83,1
7.22,85.66,85.7,77.88,0,0,1,0,84.14,64.07,65.52,71.28,78.28,1
7.68,71.63,72.21,88.92,0,1,4,0,42.3,57.9,98.89,58.61,68.46,1
7.07,86.72,67.06,89.37,1,0,1,0,54.44,66.23,68.78,63.9,67.96,0
7.29,74.74,68.93,77.18,1,2,2,1,58.27,73.61,62.55,46.75,64.34,0
7.63,73.59,86.73,78.37,0,0,5,1,76.72,76.69,72.62,85.99,86.2,1
5.54,86.18,79.36,86.87,0,2,4,0,55.55,74.1,58.94,93.08,57.44,1
6.68,78.28,70.14,74.55,0,0,0,1,57.12,64.42,37.07,62.64,62.13,0
6.53,80.51,71.64,78.31,0,0,2,3,41.41,76.23,60.39,100.0,51.15,1
6.36,78.13,58.33,82.81,0,1,1,0,71.73,82.39,60.16,49.12,74.72,0
6.72,81.03,77.88,90.96,0,1,3,0,61.42,77.44,40.12,39.98,59.01,1
8.49,81.82,56.4,76.56,0,1,1,4,53.54,65.58,62.9,48.65,60.36,1
6.13,60.57,81.52,65.42,1,2,0,3,59.85,55.16,32.99,56.49,59.8,0
7.97,84.0,75.29,64.75,1,0,1,1,82.03,54.85,58.78,96.99,66.75,0
5.32,69.16,97.87,70.67,0,1,1,1,47.92,57.14,67.65,55.5,50.99,0
6.67,65.02,63.0,70.18,0,1,0,1,50.53,69.34,65.45,46.25,39.08,1
7.16,77.47,72.97,80.61,1,1,2,2,84.04,72.76,57.83,45.62,71.49,0
7.59,78.76,91.98,71.3,0,0,1,3,65.21,47.61,62.72,78.24,40.64,1
7.71,71.76,85.91,75.68,0,0,2,2,74.72,59.45,52.24,75.96,76.25,1
7.79,85.48,67.04,75.03,1,0,0,2,70.43,69.16,64.16,52.23,84.7,1
6.65,65.92,76.24,78.04,0,0,4,1,63.43,54.3,64.87,29.99,64.03,1
6.54,74.34,74.02,93.9,0,1,5,1,58.43,71.64,50.5,41.94,81.59,1
7.86,72.74,76.82,87.96,1,0,5,0,77.3,62.0,68.02,87.54,65.71,1
6.81,77.58,67.01,82.15,1,0,2,2,82.6,56.6,67.92,71.02,85.19,1
5.72,80.51,73.11,77.85,0,0,1,8,81.35,66.69,61.51,61.05,60.53,1
5.87,68.93,58.02,78.1,0,2,4,4,45.03,71.1,100.0,89.9,37.62,1
6.08,84.52,75.35,84.95,0,3,3,1,84.88,54.97,61.89,91.33,65.04,1
7.5,78.57,78.5,87.26,1,0,3,5,58.27,62.85,59.81,59.42,86.5,0
7.14,60.97,71.73,73.83,1,2,2,1,51.92,72.08,57.66,59.72,72.42,1
7.69,60.37,57.85,82.33,2,1,1,1,61.29,56.09,49.44,50.69,59.82,1
6.57,77.89,83.89,63.72,0,2,1,1,77.3,44.45,74.29,55.45,69.95,0
7.16,76.01,77.65,83.91,1,1,3,0,72.65,46.02,53.71,36.22,77.65,1
7.63,77.07,66.74,88.86,1,1,3,2,59.91,60.57,55.48,36.15,64.97,1
6.69,77.75,71.19,79.48,0,2,3,1,77.4,48.86,55.93,32.44,97.52,1
7.46,80.03,58.99,98.35,0,0,1,0,66.24,61.48,49.23,77.35,59.79,0
6.34,86.53,63.75,74.07,2,1,4,0,54.83,87.64,37.73,35.02,78.03,0
6.64,68.0,68.62,83.96,2,0,6,3,52.67,48.08,57.06,91.2,75.14,0
6.62,67.45,86.28,81.68,0,0,2,3,70.56,62.33,77.1,48.31,57.6,1
5.8,68.16,67.6,81.1,1,1,3,0,62.68,93.72,66.95,87.8,60.91,1
7.49,80.6,80.4,80.97,0,0,2,0,41.99,71.31,87.41,54.16,78.22,1
6.53,89.2,68.62,82.96,1,1,1,2,77.55,61.22,75.26,34.94,67.74,1
7.01,74.12,76.48,89.63,3,2,3,2,56.32,63.96,71.86,80.54,70.06,1
7.48,55.48,72.59,94.4,0,0,3,0,89.47,71.58,92.24,82.43,46.37,1
7.45,62.66,82.73,81.98,0,0,3,0,41.55,88.05,62.54,45.5,73.87,0
7.67,70.5,68.65,89.34,0,1,2,2,61.11,59.1,64.95,54.69,69.45,1
6.9,72.98,58.27,75.68,1,0,5,0,52.8,56.15,63.83,45.51,65.23,1
6.58,74.32,60.18,88.89,0,1,2,1,48.39,48.08,87.16,58.07,70.33,0
6.92,78.35,68.68,75.14,0,0,2,1,56.21,67.34,64.04,61.73,61.09,1
5.31,75.19,61.51,91.82,0,1,2,3,92.33,47.73,54.28,54.38,58.9,1
5.55,87.44,78.1,100.0,0,0,3,1,66.29,59.97,72.82,30.9,63.1,1
5.68,71.92,69.34,80.9,1,1,2,1,51.33,54.19,51.76,50.71,60.43,0
6.0,70.24,97.75,62.27,0,1,1,1,34.74,79.96,72.0,71.26,92.17,0
7.4,82.31,56.62,77.07,2,0,1,3,36.46,59.39,70.21,56.66,76.94,0
6.09,64.18,76.04,93.09,1,1,3,0,55.42,71.16,61.16,54.76,54.38,0
6.62,81.51,62.72,86.98,0,0,1,1,53.86,45.15,72.49,45.11,90.44,1
8.3,78.92,69.07,84.24,0,3,4,0,60.42,67.71,41.68,50.24,60.81,1
6.64,76.67,75.41,91.08,0,0,1,2,27.65,50.36,66.44,82.54,66.35,1
7.74,92.29,50.75,86.36,3,1,3,3,62.53,60.47,57.06,41.76,76.77,0
6.07,72.4,76.37,92.96,2,0,2,1,80.44,94.75,100.0,71.53,42.36,1
6.79,96.54,93.03,90.27,0,1,0,0,89.97,78.12,66.34,60.75,63.16,1
6.05,75.97,69.47,95.7,1,0,1,1,33.69,64.33,55.05,63.92,59.12,0
6.66,66.51,76.6,85.23,0,0,1,0,51.18,100.0,43.33,48.28,68.46,0
7.84,78.63,84.25,90.15,0,1,2,0,50.33,54.1,83.58,54.37,70.44,1
5.27,68.31,72.36,79.24,1,1,3,2,66.33,81.15,58.75,59.91,65.07,1
7.43,71.23,68.19,76.59,0,0,3,1,44.48,46.08,52.13,51.67,64.52,0
7.24,81.57,51.24,97.36,0,1,4,2,90.92,62.83,69.04,65.3,78.78,1
6.41,83.0,80.41,83.95,0,2,4,0,64.7,48.48,73.75,67.32,69.62,1
5.55,72.4,72.87,89.24,1,2,2,1,62.03,69.34,73.51,94.76,66.5,1
7.07,86.89,63.87,83.11,1,2,4,1,89.48,66.73,64.3,64.45,67.77,1
6.47,88.42,75.27,76.72,0,2,3,1,63.74,62.0,66.39,29.4,88.03,1
7.23,90.93,68.16,82.1,2,0,3,1,70.4,80.2,67.48,78.61,68.07,0
7.02,82.76,68.72,94.92,0,2,6,2,51.99,58.63,69.05,56.74,59.83,1
8.6,90.27,80.06,87.0,0,2,1,1,42.07,70.25,70.37,92.19,43.09,1
6.76,61.07,60.62,66.6,4,0,2,1,54.23,76.67,80.42,83.53,48.79,0
5.98,75.14,84.47,80.06,1,1,3,3,98.99,46.72,64.85,51.92,60.4,1
7.18,70.2,60.02,98.04,1,0,4,1,74.13,56.27,51.75,71.55,64.7,1
7.22,79.07,67.37,80.08,0,1,0,1,68.39,66.7,61.84,50.5,59.33,1
8.36,72.86,93.23,65.8,2,0,4,3,48.38,74.19,75.31,60.04,70.21,0
7.84,76.5,85.27,99.04,0,1,1,0,78.58,84.48,37.2,70.82,59.18,1
7.36,94.94,74.98,88.14,0,5,2,2,42.28,63.19,37.29,77.81,55.03,1
8.46,76.47,64.59,81.37,1,1,3,0,38.93,61.89,77.77,74.32,73.35,0
5.81,81.72,68.71,78.66,0,1,2,0,55.06,54.66,86.8,61.2,82.43,0
6.36,75.91,74.73,91.74,1,0,1,3,95.27,70.29,45.02,99.73,52.71,1
6.07,78.68,74.38,77.12,1,0,3,2,94.37,62.14,65.51,54.16,68.92,0
6.61,78.05,73.09,92.33,3,1,2,1,56.78,62.44,58.01,34.28,43.14,0
5.62,82.03,73.69,86.88,0,0,3,2,53.21,64.78,60.09,37.36,48.31,1
7.64,88.49,71.86,84.2,2,0,3,1,37.75,73.17,68.58,83.58,58.93,1
6.78,92.83,59.58,83.31,1,2,1,1,65.25,58.67,44.61,58.77,79.62,1
5.53,80.79,68.83,80.43,1,1,2,1,66.59,55.96,47.39,62.54,56.66,0
5.98,83.31,83.15,91.41,0,0,1,1,76.63,71.61,59.48,51.32,56.21,0
7.31,67.64,60.32,74.21,0,2,3,1,78.57,26.67,61.82,52.76,66.43,0
7.84,77.21,72.1,67.4,1,1,1,0,60.84,58.15,47.11,47.41,66.45,0
9.0,86.46,65.8,87.53,1,1,1,1,72.9,51.03,75.84,67.54,56.58,1
9.91,85.79,75.11,87.68,0,1,3,3,52.79,81.64,57.74,58.44,89.83,1
7.41,79.9,70.11,86.32,2,2,3,1,72.59,60.27,57.67,66.96,62.82,1
6.01,85.98,88.77,85.67,0,0,0,1,55.88,58.71,68.24,65.43,67.36,1
4.87,82.42,79.07,79.12,1,0,3,0,71.35,65.37,62.07,53.19,61.18,0
7.27,88.8,60.88,89.09,1,1,2,3,70.06,58.26,76.56,36.66,71.28,1
6.19,80.6,80.71,81.59,1,2,1,3,65.1,60.77,50.0,35.27,80.82,0
6.58,74.8,66.25,77.62,1,2,2,1,76.71,67.26,43.04,100.0,85.96,1
6.39,81.02,68.23,79.19,2,1,1,1,38.87,60.51,59.35,83.65,56.85,0
6.86,51.62,77.14,100.0,5,1,1,2,46.96,60.42,64.9,81.44,79.21,0
8.07,81.45,69.08,66.39,1,2,4,0,59.68,52.87,45.39,49.21,72.6,1
7.16,45.16,82.93,86.5,0,2,5,1,40.91,51.0,43.18,60.15,77.69,1
6.84,62.49,66.25,66.89,1,1,3,4,57.49,66.79,66.73,46.95,64.9,1
5.96,82.07,67.81,81.03,1,0,5,1,58.01,69.99,52.63,39.01,63.76,0
5.33,82.3,67.44,78.1,0,0,2,1,84.95,47.43,42.21,50.58,77.23,1
6.51,67.54,68.34,63.23,0,0,3,0,66.28,75.88,78.48,81.22,77.46,1
6.95,71.59,84.99,85.5,0,2,4,1,80.47,75.93,54.52,73.45,84.79,1
8.77,90.33,80.29,78.58,0,1,1,2,68.83,78.67,81.25,44.48,68.38,1
7.13,73.64,91.1,63.11,0,0,0,3,55.43,69.9,64.43,54.96,64.72,1
7.98,98.19,96.68,89.56,1,0,1,3,66.14,74.28,68.42,71.99,36.48,1
6.5,77.98,63.69,94.92,0,1,1,2,75.67,94.41,60.83,50.86,46.66,1
5.82,81.67,74.7,95.41,0,1,2,4,83.09,62.08,24.17,61.27,61.27,0
6.03,92.55,62.24,85.23,0,2,2,2,61.88,52.41,46.95,66.43,52.79,1
6.27,79.18,66.22,82.41,0,0,0,0,37.64,46.06,62.11,66.25,75.77,0
9.13,68.98,67.7,93.95,2,2,2,2,36.52,88.82,69.47,64.07,50.28,1
6.18,77.01,63.43,97.14,1,0,1,2,58.78,88.99,37.15,49.54,59.98,0
7.84,77.68,63.48,92.2,0,0,1,2,26.59,53.98,63.2,51.18,60.46,1
6.1,65.72,72.56,73.53,1,2,2,0,92.72,56.54,47.17,41.86,80.46,0
7.93,75.7,61.83,83.81,1,2,2,0,73.55,61.79,67.52,35.02,58.7,1
7.38,71.32,82.42,85.96,0,0,1,0,53.83,81.92,63.71,58.16,71.43,1
6.84,86.32,64.82,65.71,0,0,3,1,46.25,49.27,75.15,73.06,68.35,0
6.96,78.31,100.0,86.22,0,1,2,1,80.45,40.43,80.0,37.92,76.84,1
6.35,75.45,69.49,100.0,1,1,3,0,46.18,94.18,70.88,64.37,76.2,1
7.45,77.04,74.72,87.76,2,2,1,2,47.71,70.06,76.91,72.55,65.6,0
6.55,80.01,61.05,95.26,0,1,2,0,51.74,71.91,58.74,30.61,45.64,0
5.77,83.55,91.06,83.65,0,1,2,5,65.83,63.33,100.0,55.67,63.22,1
5.72,69.0,85.2,81.34,0,0,1,1,73.93,72.06,45.72,86.34,65.76,0
7.17,68.63,76.97,85.43,1,0,0,4,83.08,46.32,56.08,68.83,69.43,1
8.58,87.94,60.53,74.66,2,1,0,0,80.72,55.07,77.52,30.07,57.15,1
7.16,74.29,76.11,73.33,1,0,5,1,64.01,67.37,75.29,70.53,79.69,1
6.88,65.25,62.79,93.4,1,2,4,2,80.33,36.48,71.31,48.04,66.16,1
7.29,81.99,88.62,94.35,3,1,3,0,53.26,62.07,74.13,71.06,54.95,1
8.31,82.17,82.09,73.08,1,1,4,1,34.87,61.27,32.75,48.96,60.5,1
7.22,64.22,74.95,90.71,1,0,2,2,53.26,62.07,87.84,59.15,89.14,1
6.59,80.07,49.64,81.22,0,1,2,2,51.1,58.84,60.94,51.4,73.97,1
8.11,84.62,64.17,85.06,0,1,1,1,53.89,53.05,82.69,60.05,78.58,1
7.43,81.37,80.88,86.14,0,0,2,1,48.65,42.31,33.5,50.92,53.5,1
8.54,83.69,86.13,90.95,0,2,5,0,56.62,67.88,67.85,56.42,57.73,1
7.18,65.36,85.09,82.74,1,1,4,0,73.92,62.1,55.55,41.19,57.82,1
5.78,80.98,58.08,94.69,1,0,1,0,91.44,48.12,72.58,67.85,68.21,1
5.63,75.28,77.02,84.78,2,2,3,0,36.39,66.81,68.76,62.8,63.91,0
8.65,73.65,84.16,87.62,2,1,1,2,43.4,62.17,69.49,34.14,60.13,1
8.72,85.84,57.42,74.5,0,1,2,2,51.34,60.01,48.12,75.89,61.63,1
6.82,91.31,73.92,100.0,0,0,2,0,76.25,37.96,63.15,57.18,56.47,1
6.62,94.15,76.74,86.23,1,1,2,0,60.72,74.88,61.3,62.59,63.84,1
8.46,89.83,70.99,88.42,1,1,2,2,52.41,49.97,71.43,72.23,79.36,1
5.89,77.01,55.48,67.53,1,4,2,2,75.47,66.82,78.84,65.25,47.84,1
6.11,81.17,70.74,74.6,0,1,6,1,79.3,55.49,66.26,78.64,70.16,1
7.64,84.9,70.73,93.14,4,0,2,3,63.7,60.95,44.86,55.31,82.56,0
6.61,79.09,72.52,84.58,0,2,1,2,50.94,80.98,65.61,76.55,63.8,1
6.99,79.18,68.37,64.78,0,0,1,2,68.32,72.91,100.0,61.97,59.65,1
6.84,85.41,69.57,91.34,0,1,3,1,60.27,80.69,88.69,68.12,77.09,1
7.34,77.47,73.6,77.11,0,0,3,1,60.14,70.3,19.38,66.46,54.19,0
8.41,71.44,78.42,94.7,1,3,1,3,55.8,71.15,64.95,79.85,65.73,1
7.09,74.27,70.96,81.21,0,1,3,3,78.8,42.85,77.98,71.54,53.52,1
7.64,83.71,69.9,83.84,0,0,1,1,68.0,61.87,61.27,52.91,43.56,1
4.95,78.03,74.92,92.61,0,2,0,1,80.57,63.08,57.1,49.74,64.18,0
6.95,81.06,54.79,73.92,0,1,0,1,85.38,81.91,60.0,59.2,50.84,0
6.16,84.03,78.77,73.06,1,2,0,2,71.34,59.42,72.28,47.84,65.86,1
5.78,74.63,73.99,80.23,1,3,3,0,55.9,69.44,46.77,43.16,79.38,1
6.12,84.81,74.4,89.44,1,1,0,2,80.65,68.93,81.83,25.95,88.25,0
6.67,81.41,83.61,70.02,0,1,3,1,71.45,81.05,63.16,35.21,67.12,1
7.92,66.89,54.47,66.99,0,1,0,2,100.0,64.26,49.97,91.77,78.23,1
5.67,90.98,54.26,89.41,0,0,3,1,68.96,76.76,80.87,49.5,70.79,1
7.03,73.49,76.74,76.57,2,1,0,1,75.16,43.84,40.82,90.46,61.4,0
6.52,63.1,73.93,78.47,0,0,4,1,68.65,45.02,55.67,66.45,42.9,1
6.67,68.59,75.7,65.29,2,1,4,0,62.41,36.32,55.42,59.2,85.52,1
8.0,68.81,69.38,75.89,2,0,4,1,59.86,76.22,96.16,35.99,53.41,1
7.54,78.47,80.64,81.93,0,1,2,2,68.71,74.76,53.72,60.07,82.59,1
8.34,75.54,83.33,90.37,0,0,2,2,72.34,77.66,31.68,90.27,72.44,1
6.85,74.97,78.84,75.06,2,0,1,0,82.47,57.19,55.27,84.92,54.29,0
6.3,83.58,71.39,96.92,1,1,3,1,68.94,58.67,70.83,64.39,69.74,1
6.78,81.06,52.92,75.84,1,0,3,3,56.59,64.43,75.76,41.62,91.59,1
7.24,80.84,81.69,75.85,1,2,5,1,58.77,84.77,98.15,44.69,84.43,1
7.18,81.69,86.22,95.84,0,0,1,0,42.83,88.02,85.1,46.36,59.85,0
5.92,83.55,80.45,83.9,0,2,3,0,90.58,76.32,66.82,80.45,57.46,1
7.09,59.03,65.2,77.03,1,1,6,1,55.34,70.3,50.63,86.11,67.2,1
7.23,74.72,80.74,80.6,0,3,1,1,79.48,83.36,88.36,63.13,64.01,1
9.52,58.38,82.61,94.18,1,0,0,0,68.42,62.67,58.47,55.15,80.4,1
8.88,78.32,89.59,95.2,0,0,1,3,68.86,60.92,54.13,84.78,74.88,1
6.15,77.96,65.24,74.65,0,0,2,1,62.12,64.32,57.74,44.34,45.69,0
6.71,87.41,71.74,81.62,1,0,4,1,51.4,53.28,45.22,60.83,71.5,1
5.54,88.69,81.47,82.81,0,1,2,4,48.5,63.72,57.02,67.41,63.85,0
6.41,79.82,74.57,73.12,0,1,5,3,91.66,51.47,60.5,46.2,66.45,1
7.32,73.5,62.83,81.5,0,0,2,1,65.82,79.33,74.96,49.83,68.99,0
8.21,82.37,78.15,82.05,0,2,0,0,82.0,73.07,58.18,48.58,80.38,1
6.27,73.25,79.79,92.26,0,1,6,1,86.16,84.58,44.99,82.67,77.73,1
6.35,77.99,74.88,92.87,0,0,1,1,57.43,44.82,39.94,90.63,57.0,1
4.85,86.88,76.2,79.04,0,1,1,1,70.78,90.72,67.14,61.84,65.3,0
6.84,72.98,71.41,80.07,1,1,3,0,64.72,45.56,65.09,55.71,60.62,0
5.94,85.25,88.78,87.98,0,2,2,2,45.48,50.42,55.69,50.4,45.82,1
6.47,84.1,64.99,76.73,3,0,1,0,61.03,57.93,56.99,60.03,64.69,0
6.12,69.41,68.13,87.3,0,1,1,2,73.4,83.0,69.83,51.2,88.14,1
6.91,86.77,74.11,81.21,0,2,1,0,56.02,68.93,84.86,58.45,45.46,1
5.24,84.29,82.79,73.28,0,0,1,2,58.8,62.83,52.3,66.61,65.71,0
5.53,78.92,59.03,73.39,0,1,2,0,61.23,55.7,65.33,53.51,65.33,0
9.13,71.14,60.9,95.02,1,1,1,0,97.78,48.11,78.37,56.97,69.45,1
5.71,70.27,53.62,80.59,1,0,4,0,34.66,80.72,52.36,57.03,54.45,1
5.9,73.16,74.33,96.76,0,1,1,4,72.03,76.38,63.77,54.92,48.9,0
8.84,82.88,62.82,77.38,2,1,1,2,59.95,83.58,63.43,52.94,49.46,0
9.91,69.4,70.15,84.62,1,4,2,1,53.75,71.16,44.33,72.2,81.97,1
5.83,81.94,80.61,100.0,0,1,0,4,59.55,31.65,66.53,31.67,54.21,0
6.63,66.82,67.58,72.48,1,0,5,0,74.68,49.82,64.47,85.19,60.01,0
7.34,76.16,76.31,64.92,0,1,2,3,75.59,72.04,72.33,62.17,91.26,1
8.73,78.99,71.01,93.58,0,0,2,1,66.98,61.19,46.2,69.76,57.19,1
6.01,100.0,80.72,74.56,0,1,1,3,81.48,58.74,64.15,71.6,70.11,0
6.75,65.6,78.75,81.81,0,1,2,1,84.3,51.66,84.73,48.67,78.77,1
7.78,91.25,67.08,76.73,0,0,3,0,77.06,78.32,95.16,45.37,78.19,1
7.43,79.35,72.31,84.41,2,1,2,1,55.26,71.93,83.2,43.48,50.02,0
6.62,81.7,84.44,73.45,0,2,6,1,71.91,72.52,46.34,56.05,57.44,1
6.87,79.07,77.93,80.38,1,0,5,2,71.99,57.76,70.77,71.19,69.63,1
5.63,82.0,60.03,86.05,0,0,3,1,50.95,68.29,56.75,50.66,89.15,1
6.76,76.62,80.56,72.93,1,1,2,2,38.89,48.61,68.26,69.73,56.86,0
6.73,91.09,63.15,75.7,0,1,1,2,31.64,64.31,52.42,22.11,60.08,0
7.23,73.89,88.13,78.87,0,1,3,2,65.12,33.14,38.3,53.83,71.03,1
6.44,88.19,84.24,69.14,0,1,6,2,68.77,45.61,58.83,78.67,73.44,1
7.47,72.2,76.9,78.2,0,1,0,3,45.09,61.81,74.84,57.26,74.16,1
8.01,77.46,75.57,83.07,1,0,2,1,80.74,96.88,68.32,46.73,55.84,1
7.16,68.35,71.91,78.4,1,1,3,3,66.44,42.59,70.04,49.49,59.62,0
7.35,82.1,80.79,79.56,0,1,6,0,85.59,49.83,67.25,11.55,68.59,1
7.05,91.01,70.29,81.82,0,1,3,1,69.93,68.82,70.07,43.81,81.15,1
7.0,77.3,76.36,76.1,0,0,3,4,46.94,89.0,71.94,76.92,63.14,1
6.28,76.23,82.72,88.22,1,0,1,0,71.33,68.63,59.88,50.68,65.73,1
7.32,67.97,68.38,94.92,2,0,1,1,74.72,75.13,65.24,52.57,53.69,1
6.9,75.94,67.84,77.82,3,0,2,2,55.24,61.61,90.15,22.69,88.36,0
9.09,63.66,62.06,86.37,2,2,3,0,40.93,59.36,66.13,33.91,67.85,0
8.57,69.78,63.36,79.84,0,0,3,2,65.6,67.07,64.64,79.04,78.93,1
7.39,80.04,55.72,85.29,1,0,3,0,47.99,57.44,65.54,69.88,66.36,1
6.24,89.87,81.3,96.09,1,1,4,0,81.93,75.42,60.73,39.24,67.02,1
5.89,100.0,92.09,86.58,3,0,2,1,57.49,45.12,57.47,49.91,48.0,1
8.19,72.72,88.25,66.04,1,1,0,2,91.59,77.57,67.13,59.53,40.19,1
7.26,90.92,57.74,86.09,2,1,0,2,30.01,66.51,56.41,40.86,81.02,1
7.48,80.19,81.25,93.1,1,1,1,1,66.16,63.21,61.82,27.93,66.94,0
5.26,76.64,88.22,80.01,1,0,5,3,86.87,44.64,52.14,57.45,68.48,0
7.93,81.89,69.43,90.96,2,1,7,1,49.76,53.26,65.62,69.16,51.01,1
7.45,78.56,75.01,75.79,0,1,1,1,61.45,81.58,72.76,69.47,55.16,1
5.89,78.99,53.92,68.63,0,0,0,1,57.55,63.29,60.82,74.0,78.75,1
6.53,74.33,76.67,83.27,1,2,1,3,53.06,69.62,33.87,35.14,86.88,0
7.26,65.42,63.36,66.19,0,2,1,0,67.91,54.57,72.86,60.93,58.54,1
7.05,64.11,76.0,79.84,1,1,3,1,43.27,65.62,65.8,55.7,74.06,1
6.71,83.88,58.39,93.58,1,0,0,0,62.22,48.16,49.1,58.6,68.28,0
6.9,75.51,79.43,64.81,0,0,0,2,72.26,67.3,75.6,56.61,64.55,0
6.75,72.64,84.25,70.48,0,3,4,1,60.56,70.82,43.02,49.43,88.22,1
7.15,78.08,66.17,72.71,0,3,0,0,48.0,70.17,79.68,11.72,60.56,0
8.47,85.15,62.63,81.43,0,0,2,2,80.48,54.25,63.14,78.59,80.89,1
4.43,79.62,52.44,78.71,1,2,2,1,75.68,61.55,29.97,65.28,70.58,1
6.76,72.1,71.34,94.59,0,0,1,2,47.34,72.98,66.67,36.25,65.8,0
7.18,89.04,68.18,90.59,0,0,1,2,43.29,63.25,57.91,67.57,82.46,1
7.3,92.21,58.49,86.46,0,2,1,0,48.77,62.27,55.65,52.84,69.48,1
6.63,82.45,78.53,83.31,1,3,4,0,72.72,90.75,52.93,53.3,64.84,1
5.24,86.76,69.5,85.54,1,3,0,1,68.41,53.64,62.09,47.71,82.55,1
7.33,89.18,63.24,74.24,0,1,3,2,76.64,80.05,56.72,68.59,80.99,0
8.73,88.17,68.45,89.71,0,0,2,2,58.78,50.99,36.15,47.2,80.42,1
5.47,83.53,84.71,71.99,0,1,2,2,49.2,74.51,83.08,42.45,19.35,0
7.86,83.39,80.03,89.52,1,1,1,2,78.7,75.21,60.33,78.11,71.28,1
6.67,82.68,72.7,92.68,0,1,2,3,55.14,59.37,53.02,57.14,68.55,1
6.94,68.12,80.19,83.9,1,2,2,1,66.98,50.17,47.07,57.64,65.58,0
5.95,84.31,62.39,80.41,3,0,0,2,39.2,40.38,75.56,71.08,73.32,0
6.67,65.8,74.32,85.6,1,0,1,0,54.88,58.0,44.52,49.32,69.13,0
8.3,70.85,75.47,56.25,1,2,4,5,80.15,72.84,66.01,52.51,74.13,0
7.58,89.73,69.3,84.72,2,0,2,3,52.54,51.99,55.25,64.89,62.78,0
8.73,85.56,78.35,80.98,2,0,3,1,77.03,67.26,56.12,35.34,83.98,1
8.18,91.39,66.2,81.54,0,0,2,1,26.7,46.81,47.45,63.54,75.35,1
7.44,75.55,79.1,88.36,2,2,4,1,55.05,62.96,54.7,47.91,72.51,1
8.74,67.63,79.52,81.33,0,0,3,2,61.26,51.09,64.13,73.69,71.92,1
7.44,75.84,44.83,71.74,1,1,1,3,91.88,64.99,67.53,68.75,79.89,1
7.83,78.92,85.9,80.73,0,2,5,0,45.29,59.49,52.22,66.63,78.26,1
6.7,78.71,43.52,82.61,0,1,2,3,74.74,50.53,62.64,34.29,64.65,1
7.07,88.2,67.84,83.03,0,1,0,3,80.91,57.43,77.33,58.35,77.88,1
6.3,74.75,84.25,83.46,1,1,1,3,52.46,53.86,39.06,41.16,68.09,1
7.99,81.17,70.83,91.35,1,0,1,1,58.02,48.92,63.91,59.41,89.0,1
5.82,69.1,59.34,72.23,0,0,1,2,66.27,80.08,49.74,22.96,79.17,0
7.78,82.05,63.06,83.58,0,0,3,0,40.3,61.32,48.21,35.35,58.49,1
6.81,78.03,84.27,93.61,0,1,6,2,56.72,37.37,67.92,79.02,93.97,1
8.17,71.25,54.78,66.39,0,0,2,1,84.42,57.9,55.82,65.9,40.78,1
7.75,75.88,85.29,83.62,0,2,1,3,72.36,77.89,45.75,54.34,73.65,1
8.82,76.34,73.45,76.73,0,1,4,3,61.49,56.1,83.86,45.46,57.65,1
7.73,75.57,62.08,78.66,0,1,3,0,65.81,85.47,77.8,42.65,88.59,1
5.43,93.94,68.17,73.86,0,1,1,1,73.29,54.86,35.02,63.2,69.03,0
6.93,77.11,63.83,80.47,1,0,2,2,76.36,72.54,41.88,54.5,56.47,1
5.83,75.8,82.66,98.57,2,3,1,2,55.1,79.48,72.9,84.75,62.8,1
6.48,59.12,81.32,70.62,0,0,2,1,88.56,71.85,59.73,57.04,57.43,1
8.51,69.95,56.81,71.47,1,0,2,1,85.06,48.13,86.51,60.94,62.33,1
7.64,75.63,69.96,70.28,0,0,5,2,74.84,53.75,73.25,37.78,62.06,0
6.3,71.83,65.37,97.55,0,0,8,2,50.51,81.21,68.49,54.23,56.99,1
5.99,90.44,86.94,77.84,0,1,1,3,47.68,55.54,48.67,62.83,69.24,0
7.03,76.52,60.5,81.77,0,1,4,1,58.77,78.68,71.37,54.04,70.69,1
5.78,89.6,90.04,78.37,2,0,2,2,64.97,60.41,44.86,52.23,54.04,1
6.33,78.56,73.67,73.5,1,1,0,2,35.7,67.84,83.58,65.23,46.1,1
7.31,78.34,62.38,79.88,0,1,4,3,71.92,47.98,70.33,84.24,69.73,1
8.16,77.2,67.23,100.0,1,2,0,0,84.6,58.09,51.63,62.32,72.38,1
7.61,78.03,65.98,94.53,0,2,2,0,73.22,54.62,76.07,78.31,74.76,1
4.71,93.47,61.25,74.32,0,3,1,3,53.18,68.93,97.62,69.95,72.61,0
7.3,57.12,74.95,87.83,2,0,2,1,51.29,67.21,60.74,77.35,84.87,0
7.07,59.99,61.72,74.52,1,2,0,1,68.8,72.01,72.26,50.24,77.96,1
7.41,73.11,52.2,66.01,0,0,1,0,61.55,59.62,57.52,56.69,98.16,0
8.62,78.13,70.2,91.18,0,0,1,2,71.09,53.91,65.28,56.76,100.0,1
4.94,84.21,55.97,92.44,0,1,2,1,73.63,68.38,41.39,68.74,44.9,1
6.41,82.26,66.48,91.41,1,0,4,0,81.47,52.62,63.99,72.68,39.63,1
7.59,74.54,64.91,77.77,1,0,4,0,45.89,80.02,64.65,62.0,65.91,0
5.42,87.17,65.29,80.5,1,1,0,2,67.55,64.51,90.98,74.03,72.05,1
8.48,87.27,94.01,88.75,1,0,4,1,58.18,61.76,37.07,50.99,65.09,1
7.37,79.66,74.56,85.52,1,1,1,2,62.42,72.01,59.79,74.17,74.44,1
7.85,86.66,76.45,78.46,1,2,5,3,77.83,65.01,83.32,76.25,62.76,1
6.43,80.45,56.24,67.43,0,1,3,4,79.57,44.45,60.37,70.84,57.67,1
7.81,72.95,67.46,83.02,0,0,1,3,86.38,52.2,61.43,62.15,59.49,1
8.07,84.28,76.15,91.71,0,0,1,0,70.81,79.75,51.5,71.41,63.6,1
7.23,79.0,63.75,71.22,0,0,1,0,62.24,67.09,50.01,45.7,76.12,0
7.23,78.01,83.08,87.75,0,0,0,0,59.95,44.14,36.61,63.17,60.16,1
7.27,91.26,61.97,84.98,0,1,1,1,36.24,70.58,54.56,64.81,62.53,1
6.14,55.94,71.14,88.75,1,0,2,3,85.44,58.73,49.16,38.73,72.84,0
6.85,65.24,68.14,89.85,1,1,1,2,58.85,54.63,65.77,67.59,63.61,1
6.85,67.32,75.64,75.75,1,0,3,0,72.09,51.12,52.18,40.02,79.4,1
7.38,74.73,67.6,67.45,0,0,3,1,74.86,79.0,56.81,53.15,54.97,0
8.0,75.71,71.29,77.2,0,0,5,1,44.07,40.45,57.22,60.64,52.36,1
5.94,64.43,71.64,90.0,1,0,5,0,49.23,55.11,63.28,48.31,69.66,1
6.87,69.13,66.66,77.12,1,2,1,1,88.75,67.56,56.07,61.32,70.85,1
8.48,70.25,78.85,75.75,1,1,3,3,68.65,86.52,48.07,61.06,55.62,1
6.26,100.0,76.38,65.61,1,1,3,0,54.71,73.2,65.29,46.88,82.12,0
6.18,94.22,73.11,97.77,0,0,1,2,61.98,55.0,80.01,69.09,89.1,1
7.2,74.29,69.7,89.43,0,1,3,1,81.38,85.88,65.93,47.77,58.47,1
7.84,74.73,81.97,88.93,0,0,2,2,78.95,48.38,54.85,96.61,83.85,1
7.01,67.66,71.64,90.71,0,0,3,1,40.54,69.45,62.15,58.25,37.41,0
8.33,60.83,70.93,87.19,1,0,4,3,90.15,72.34,33.24,41.26,78.91,1
7.86,76.95,75.05,79.8,0,0,1,3,79.46,54.55,61.91,44.25,55.71,1
7.84,69.02,90.97,80.53,1,1,3,1,61.56,75.07,57.99,78.36,77.71,0
7.55,77.24,60.6,78.15,0,1,1,3,44.93,59.32,50.0,53.45,54.46,0
9.33,63.6,81.7,100.0,2,0,1,1,80.86,75.04,52.72,38.18,65.18,1
6.79,71.14,55.07,87.0,0,2,2,2,71.62,42.09,57.85,73.66,56.28,1
5.0,79.34,76.17,77.83,1,0,2,0,40.68,70.35,78.89,53.35,63.43,0
8.6,81.3,89.75,86.19,3,3,5,1,60.29,60.64,80.38,70.45,87.96,1
6.54,81.76,78.89,72.9,0,1,2,1,100.0,80.95,50.08,74.97,64.7,1
7.11,66.12,75.71,95.54,1,0,1,0,64.26,65.43,56.23,64.39,91.32,1
8.31,85.69,68.4,76.05,0,2,2,0,52.13,82.24,56.61,98.33,61.37,1
5.4,70.8,74.31,86.51,2,1,2,1,47.86,72.6,76.14,32.4,83.9,0
5.75,83.7,71.48,91.59,0,0,3,2,92.35,64.34,66.18,46.91,46.49,0
5.4,77.9,66.14,85.46,0,0,1,0,77.56,76.24,65.39,55.9,62.56,1
6.21,65.61,71.1,82.85,0,4,0,0,86.52,76.32,72.04,96.18,59.57,1
7.44,75.15,75.98,82.1,0,2,3,2,67.97,72.13,55.05,88.77,84.45,1
7.52,81.29,66.33,81.49,2,2,3,0,84.06,36.2,84.46,80.62,68.22,1
7.28,83.52,65.94,76.81,0,0,2,1,50.43,53.23,63.97,47.29,40.94,0
5.59,76.73,60.4,77.95,1,2,4,1,66.6,83.99,51.16,49.16,50.28,1
4.69,91.79,77.91,95.32,1,2,2,2,68.59,49.67,60.56,46.74,53.85,0
7.05,87.07,79.45,81.02,1,0,2,0,86.12,77.47,82.48,47.47,77.21,1
6.53,75.69,76.32,74.93,0,2,2,1,69.1,75.18,57.62,83.88,75.66,1
7.46,84.75,83.65,77.35,1,1,2,1,53.99,56.57,78.24,56.1,62.4,1
7.7,95.4,74.88,91.9,0,2,0,0,65.03,40.06,54.62,58.22,59.42,1
7.14,95.64,77.92,88.08,0,3,2,1,37.18,58.6,52.52,72.39,74.6,1
7.76,66.95,77.04,87.04,0,0,3,0,26.86,93.01,73.89,33.38,52.45,1
7.23,69.66,73.08,79.68,0,0,2,3,77.3,54.78,50.89,60.84,71.49,0
7.53,91.36,68.69,87.16,1,1,3,2,58.0,55.67,76.34,42.45,70.47,1
6.3,68.48,96.14,76.21,0,1,0,1,59.82,53.03,69.27,55.29,62.7,0
6.82,66.1,69.48,79.66,1,0,4,3,77.3,81.79,50.9,50.62,70.77,0
7.2,73.62,67.34,90.73,1,2,4,0,86.35,62.84,62.93,49.79,67.23,1
7.82,81.78,78.34,89.87,1,0,0,1,72.55,57.86,55.77,63.61,71.97,0
6.61,77.08,76.52,73.16,1,0,3,2,94.85,84.38,69.23,63.54,49.99,1
7.52,72.14,59.95,74.3,1,1,2,1,72.04,73.53,92.32,56.48,73.37,0
6.73,71.93,85.23,82.98,1,0,1,0,68.84,54.05,58.44,65.93,78.32,1
6.88,71.59,73.06,97.54,0,1,1,2,67.85,50.09,72.01,46.1,69.85,1
7.83,70.08,62.89,64.76,0,1,0,3,43.43,81.06,64.37,70.91,73.21,0
5.01,98.53,85.89,84.5,0,2,1,1,79.3,66.22,64.36,56.7,64.68,0
5.7,80.68,80.26,69.62,0,0,0,0,24.87,45.86,61.52,52.26,76.7,0
5.52,85.98,61.35,76.29,1,2,4,1,54.62,42.82,51.14,47.28,66.78,1
4.67,73.6,91.77,78.72,0,0,4,0,64.37,51.49,69.03,56.14,52.22,0
6.32,76.33,80.59,78.22,0,0,2,2,51.36,49.89,59.67,89.93,75.84,0
7.75,71.58,73.9,77.2,0,2,0,5,56.77,39.4,50.43,58.99,46.39,1
6.72,54.13,89.9,82.06,0,0,3,2,93.43,51.71,79.21,41.69,69.39,0
7.2,65.6,75.59,77.18,1,2,2,2,81.66,54.05,65.49,74.7,61.39,1
8.09,61.7,73.72,68.84,1,0,3,1,53.03,59.99,60.58,52.45,60.62,0
8.33,57.75,67.4,89.02,0,0,2,0,56.49,88.01,84.1,64.54,68.06,1
6.93,67.24,79.82,88.78,1,2,0,3,43.57,62.53,36.46,50.31,57.49,1
8.35,89.92,78.77,89.59,0,1,1,1,75.28,63.82,83.09,80.49,72.15,1
7.09,77.6,74.15,68.13,3,0,2,1,60.0,72.62,50.8,50.55,66.68,0
6.16,89.62,66.1,84.69,3,0,2,2,32.54,62.91,67.17,82.37,58.59,0
6.41,81.7,75.3,88.08,0,2,4,1,65.61,71.2,55.18,43.21,82.06,1
5.52,85.04,73.3,72.72,0,0,0,3,71.02,69.65,50.15,55.31,68.46,0
6.11,69.89,60.67,82.08,0,2,1,3,79.41,67.59,83.71,82.4,73.57,0
6.64,82.72,59.28,80.95,1,0,1,0,62.83,100.0,91.84,62.69,83.0,1
7.8,84.56,79.65,98.58,0,3,4,2,58.04,77.84,60.68,96.34,82.8,1
8.72,72.81,47.98,99.32,0,3,0,1,95.78,51.94,69.03,55.69,72.96,1
5.62,83.04,76.05,67.02,0,0,3,1,64.11,70.81,64.85,64.11,62.37,0
7.39,83.1,69.22,100.0,0,2,2,5,75.51,55.71,89.96,90.48,48.84,1
5.96,73.05,87.08,73.76,0,0,4,3,55.37,71.8,32.3,35.78,68.48,0
7.47,67.9,69.07,90.83,0,3,1,0,75.04,48.12,69.66,33.8,79.14,0
6.87,67.34,80.59,90.73,1,2,3,2,40.71,51.6,53.09,47.27,70.25,1
5.17,78.78,70.03,73.04,0,0,2,1,56.61,70.47,28.66,73.01,24.66,1
7.93,80.94,75.14,86.44,0,1,1,0,44.67,78.97,58.59,34.24,76.44,1
6.39,70.87,81.37,81.03,0,2,2,2,54.32,72.53,91.72,69.55,77.18,1
6.47,78.24,69.37,86.99,0,0,3,0,84.01,77.1,54.16,68.43,62.39,1
5.93,83.13,83.97,84.08,0,1,2,2,54.2,70.86,75.86,92.23,77.86,1
6.35,83.56,64.06,92.77,0,1,4,0,75.49,68.24,81.98,76.73,73.54,1
7.43,91.97,76.95,82.68,0,2,3,1,88.28,59.45,63.81,65.82,57.77,1
6.81,89.49,83.23,80.49,1,0,0,1,63.56,76.57,65.81,81.75,81.26,1
7.33,68.99,80.6,91.86,0,1,1,1,79.9,79.32,38.26,68.62,50.79,0
7.36,93.15,93.16,87.22,1,0,3,1,72.5,65.18,53.26,52.64,65.31,1
8.32,73.22,66.37,88.59,0,2,4,0,65.86,64.48,77.61,41.69,64.12,1
6.66,87.4,60.21,76.02,0,2,0,0,76.01,86.69,64.91,50.89,56.09,0
5.52,78.61,64.06,72.59,0,1,2,0,93.44,65.73,69.51,59.36,69.65,1
8.07,74.29,80.6,76.89,0,0,5,0,53.8,66.98,66.0,62.8,81.72,0
6.67,61.73,78.98,76.41,3,0,3,2,48.65,72.29,96.88,25.84,80.97,1
8.11,76.46,75.02,89.08,0,1,5,0,47.71,64.73,57.54,56.49,74.68,1
7.38,63.97,62.77,90.78,0,1,0,5,79.91,55.34,88.08,60.46,45.65,1
6.87,86.71,81.67,80.6,0,1,0,2,82.07,70.91,66.0,68.76,49.97,1
7.35,91.65,61.75,94.88,0,2,2,1,55.41,65.5,89.41,86.03,67.99,1
8.95,70.83,85.59,94.32,0,0,1,0,29.82,89.95,45.63,62.97,65.59,1
9.08,80.72,100.0,84.19,0,0,3,1,53.2,76.25,66.77,45.45,60.02,1
7.07,71.47,77.66,74.6,0,1,1,3,72.77,58.26,58.09,30.91,88.86,1
7.16,72.34,79.83,96.18,0,1,1,2,62.93,75.48,66.09,70.99,67.27,1
8.08,84.97,69.07,81.45,1,0,4,0,66.89,70.0,82.34,46.09,72.51,0
6.15,77.65,55.9,83.14,1,1,2,2,55.63,83.02,69.68,73.87,77.85,1
7.33,93.66,67.97,78.94,0,0,3,2,80.23,59.18,82.31,82.36,66.66,0
6.97,73.66,63.07,73.99,0,1,1,0,69.49,68.45,53.95,35.29,97.09,0
7.31,86.99,59.53,68.78,0,0,1,1,73.38,64.71,51.66,68.86,54.72,1
6.17,78.88,91.22,87.7,0,1,3,0,66.55,66.76,64.24,80.68,58.73,1
5.41,85.16,76.73,74.95,0,1,3,2,72.39,54.49,63.42,76.3,54.69,1
4.93,73.98,77.8,100.0,1,5,4,1,71.34,73.49,61.21,26.46,84.75,1
5.88,77.55,70.91,72.23,0,0,3,3,49.15,71.43,49.62,46.34,75.63,0
6.54,76.96,72.27,70.68,1,1,5,2,69.97,82.71,81.98,39.52,59.47,1
6.71,70.48,83.65,86.59,1,1,1,3,76.66,65.87,58.56,68.38,55.63,1
8.94,83.96,73.68,95.76,0,0,2,1,82.48,60.65,85.39,66.61,82.62,1
8.11,83.85,79.31,82.58,0,1,0,2,70.66,76.26,64.19,16.83,70.34,1
6.04,83.34,72.04,87.15,0,1,1,0,48.56,55.68,73.73,55.19,82.93,1
7.35,91.83,70.58,65.41,1,0,2,1,51.02,80.1,72.37,72.81,65.28,1
6.59,91.04,59.93,75.9,0,4,2,1,57.04,80.08,51.64,62.37,72.14,1
6.72,74.63,54.22,72.34,0,1,3,1,67.03,82.34,69.51,62.34,69.6,1
7.19,81.36,71.38,64.94,3,1,5,0,62.04,70.9,92.92,54.16,58.51,0
7.62,72.39,74.56,83.05,1,0,5,2,46.02,59.68,67.77,43.06,64.27,0
6.66,78.21,61.14,61.81,1,2,4,2,45.92,67.42,77.52,59.73,51.79,1
8.06,72.6,73.66,70.1,0,2,4,2,30.42,70.94,74.4,60.83,71.93,1
5.86,92.58,74.54,77.17,1,1,3,0,14.09,58.72,68.61,69.84,75.13,0
7.01,81.27,52.44,74.52,0,0,4,3,61.89,83.33,66.8,71.14,77.88,1
9.6,76.04,64.85,85.57,0,1,0,2,100.0,73.54,72.21,61.37,74.0,1
7.22,88.74,78.07,84.75,0,0,1,2,92.75,54.4,75.45,77.52,64.46,1
8.43,58.46,77.87,90.04,1,1,0,1,48.35,90.48,43.72,54.0,84.62,0
7.09,59.87,62.46,88.77,1,2,2,1,66.4,67.27,67.71,36.9,76.71,1
7.58,85.16,75.58,92.27,1,1,5,0,40.57,51.78,61.24,67.63,82.66,1
6.94,78.54,84.22,81.98,1,1,0,0,43.01,55.21,58.13,62.02,83.42,1
6.83,80.25,81.77,84.73,0,1,3,0,44.84,85.34,83.44,67.95,64.49,1
6.22,66.06,73.05,86.6,0,1,0,0,60.39,89.72,53.0,39.77,70.65,1
7.43,77.79,69.32,83.27,0,0,4,1,61.08,79.12,43.08,88.65,75.29,1
6.15,96.03,67.71,78.43,0,1,0,1,68.04,83.15,75.94,71.37,52.21,1
7.67,85.42,78.68,79.01,2,1,2,1,74.61,81.82,42.69,55.39,52.48,1
8.09,79.53,75.95,74.64,0,0,2,3,58.61,73.24,35.08,45.03,50.41,1
7.37,74.05,80.29,85.79,0,0,0,2,64.58,70.28,77.62,77.23,64.7,1
6.71,74.45,75.32,81.15,2,0,3,2,46.5,73.02,66.38,42.37,62.0,1
7.45,58.84,82.19,76.03,1,3,1,1,42.49,75.57,71.09,96.18,48.77,1
6.69,80.32,74.95,76.04,2,1,4,0,40.02,56.36,57.36,50.19,67.79,1
7.94,85.61,81.85,71.11,0,0,3,1,74.39,75.52,43.23,87.53,64.85,0
5.17,63.82,82.71,90.81,1,1,2,0,58.59,84.96,46.21,57.05,80.19,1
6.66,72.05,65.95,82.71,1,0,3,0,34.06,63.32,59.92,85.29,90.16,1
5.01,67.58,55.92,74.23,2,1,6,3,62.99,61.93,44.91,48.24,71.48,0
5.5,69.31,89.43,89.28,0,1,1,1,44.02,72.2,68.61,60.3,57.64,0
8.36,78.48,76.57,76.96,1,0,3,1,90.57,57.55,57.06,72.88,73.76,1
7.9,59.24,56.86,69.34,0,0,1,2,54.74,48.88,66.78,70.59,66.11,0
6.28,83.53,66.86,91.19,0,0,2,2,74.9,80.92,66.33,77.61,63.12,1
5.5,84.78,81.72,77.17,0,1,2,3,81.42,60.14,69.8,52.2,55.66,0
4.04,75.74,71.2,78.32,1,2,1,0,48.72,66.24,71.49,61.36,60.43,0
6.46,55.67,68.88,82.37,0,0,1,3,65.22,58.07,58.84,79.97,63.87,1
9.42,69.03,88.01,92.28,0,1,3,0,72.86,82.6,66.76,48.72,75.65,1
7.43,89.1,63.53,82.18,0,1,1,0,65.85,77.09,67.54,69.16,72.13,1
6.44,53.0,66.02,71.21,0,1,3,1,69.78,62.87,27.57,56.49,87.91,1
7.47,74.87,76.11,86.89,1,0,2,2,42.73,50.66,73.7,63.29,74.09,1
5.44,67.38,77.9,77.64,0,0,1,1,72.86,61.49,66.25,61.35,71.09,0
6.7,85.24,78.96,98.99,1,1,4,0,56.22,73.41,72.46,47.39,62.33,0
7.1,71.92,83.11,81.99,1,0,1,1,69.59,68.45,44.7,55.83,53.55,1
6.91,81.64,75.99,61.88,0,0,3,0,78.72,67.42,59.26,62.32,59.16,0
7.79,83.09,78.89,85.22,0,1,2,0,74.7,68.75,47.63,58.36,57.6,1
7.34,94.53,71.41,99.5,2,0,2,0,69.58,75.86,75.17,85.16,35.27,1
7.67,76.17,74.63,96.18,0,1,2,2,74.27,65.46,42.92,76.16,53.9,1
6.31,81.38,75.08,98.48,0,0,2,1,75.01,71.85,50.07,64.64,85.23,1
7.9,64.63,76.15,72.82,1,1,2,1,87.93,53.17,72.01,47.79,70.42,1
8.63,88.71,81.73,90.21,2,0,6,1,63.46,99.2,54.56,46.82,61.48,1
6.03,71.16,79.55,75.5,1,2,5,1,66.62,62.31,50.07,91.58,70.78,1
6.11,72.95,74.44,84.02,0,2,1,1,78.91,68.65,77.6,43.84,42.56,1
8.34,77.8,65.91,70.54,1,2,0,1,56.15,73.36,78.22,61.82,69.39,1
6.81,63.93,74.68,76.2,1,1,2,2,42.64,60.66,74.83,65.78,81.33,1
8.4,80.06,73.72,75.91,1,0,2,0,71.89,66.1,76.73,55.02,64.55,1
6.56,86.71,75.93,90.09,0,2,1,2,60.7,65.94,60.53,43.96,44.74,0
8.46,80.64,96.07,89.21,2,1,4,0,44.68,54.12,60.93,47.44,61.03,1
7.13,63.7,68.76,84.49,1,0,0,1,72.01,71.7,54.28,51.26,81.35,0
7.26,76.89,78.22,69.85,1,3,0,0,86.9,44.56,66.52,48.65,69.1,1
8.56,84.68,84.68,79.2,0,0,3,1,37.92,88.79,56.08,81.24,48.98,1
6.64,61.1,74.98,75.28,0,0,3,0,80.36,76.31,57.5,59.85,94.41,1
6.06,68.33,97.38,89.83,3,0,2,3,23.41,74.31,73.0,51.62,50.95,0
6.55,85.89,70.22,92.6,1,0,5,2,57.6,43.42,81.77,61.71,63.08,1
7.45,80.43,77.24,91.51,0,2,2,0,93.45,55.7,69.97,70.69,53.55,0
5.43,81.71,66.01,75.2,0,0,3,3,58.75,84.06,90.91,54.49,53.57,1
7.64,94.74,70.48,57.34,2,1,2,3,65.44,100.0,53.42,74.43,60.57,1
6.46,82.22,76.49,66.1,1,1,2,0,76.21,81.53,36.43,39.66,73.63,0
8.15,83.92,82.46,94.79,0,0,1,2,36.54,79.48,74.72,78.74,81.49,1
4.61,100.0,77.19,78.39,0,0,4,3,65.15,72.82,52.42,59.86,61.37,1
6.21,76.08,86.59,75.24,0,1,1,1,65.03,54.98,59.89,59.23,53.88,1
5.31,70.82,73.05,96.78,0,1,2,2,93.8,78.94,37.45,48.91,71.74,1
6.17,81.85,70.68,93.39,2,0,4,1,44.23,51.68,50.51,40.35,72.1,0
7.25,81.95,100.0,82.22,0,1,3,1,57.9,50.26,41.47,33.33,68.88,0
6.82,73.26,77.94,79.36,0,0,3,0,49.15,49.44,57.49,47.8,69.31,0
6.75,68.71,66.81,80.81,0,2,3,1,47.45,78.68,58.08,69.4,64.65,1
6.84,98.79,67.06,84.04,0,0,0,2,82.04,65.25,65.35,44.62,67.18,1
7.2,80.94,64.57,96.4,0,4,3,0,64.43,67.31,82.6,35.22,63.82,1
5.99,71.41,83.37,85.8,0,1,4,2,55.11,65.8,74.15,45.45,78.84,0
7.71,86.24,70.36,88.53,0,3,0,2,55.71,51.37,39.67,53.84,92.74,1
7.66,77.02,75.27,92.52,1,0,1,2,54.99,57.28,73.12,54.47,68.16,0
7.39,75.72,73.36,71.47,0,1,2,1,56.42,57.93,65.68,57.94,65.92,1
7.56,83.06,81.31,88.79,0,1,2,1,43.77,47.73,62.53,76.52,69.07,1
7.3,66.37,65.53,79.35,0,1,3,3,59.86,59.45,63.66,79.99,58.1,1
9.04,81.17,63.24,59.36,0,1,2,2,58.25,51.94,67.07,92.09,75.18,1
6.91,95.22,76.24,62.85,0,2,3,0,51.88,73.51,53.62,34.0,71.29,1
6.69,82.2,80.01,72.84,1,1,1,1,66.48,74.59,61.26,46.31,60.95,1
6.25,74.61,77.33,86.78,1,0,2,2,67.84,49.18,81.76,71.18,76.82,1
5.97,73.44,65.91,83.02,0,3,1,3,55.09,62.14,53.44,52.74,66.23,0
5.76,74.31,80.77,83.66,0,0,1,2,61.69,90.13,48.55,73.77,54.36,0
6.11,75.71,66.56,99.56,0,1,0,1,98.54,53.25,63.07,63.31,70.22,1
6.93,74.6,68.78,70.58,0,1,1,1,97.93,71.55,47.04,85.27,68.84,1
7.33,86.25,64.56,81.75,1,1,1,0,47.13,67.37,38.16,76.68,77.53,1
7.05,62.4,87.01,84.74,1,2,5,1,49.37,80.21,58.83,76.98,75.98,1
6.23,85.76,80.33,75.37,0,2,2,0,47.05,69.84,85.73,53.41,64.69,1
7.9,74.58,80.05,82.25,0,0,1,1,80.91,60.39,63.42,58.44,60.33,1
7.74,81.39,86.47,67.6,0,1,2,0,57.62,66.87,66.68,55.12,66.02,1
6.84,67.86,100.0,94.69,0,2,2,2,67.83,67.06,32.05,35.91,70.36,0
6.35,89.96,56.91,75.87,3,2,1,2,95.95,64.81,70.57,83.55,71.81,0
7.55,89.21,66.62,100.0,1,0,2,0,63.83,48.85,65.4,71.93,69.62,0
7.19,86.64,67.84,81.71,2,0,2,2,75.3,82.16,54.03,54.48,64.91,1
5.55,64.37,65.49,91.25,2,1,4,0,72.33,79.86,66.7,80.87,77.96,0
6.93,85.46,63.22,81.52,1,1,3,1,54.59,52.43,66.55,49.91,57.91,0
7.26,81.64,71.0,81.72,2,0,2,5,80.95,62.09,48.11,30.59,95.75,0
6.1,63.55,61.83,76.74,0,1,4,1,50.4,63.07,68.98,76.12,75.16,1
7.19,77.78,77.35,83.07,0,1,3,1,85.44,50.97,81.96,39.54,52.47,1
5.55,81.28,74.52,84.86,0,1,3,1,54.6,41.73,60.58,56.87,68.22,1
8.34,83.0,78.81,74.94,0,2,1,1,56.35,57.28,50.99,63.3,75.27,1
8.25,79.6,79.08,80.87,1,1,0,1,46.58,61.37,61.34,66.17,61.81,1
6.75,80.62,80.03,76.51,1,1,3,1,49.21,47.26,76.82,73.57,48.06,1
7.36,91.26,70.27,100.0,0,1,1,2,57.17,68.3,45.61,69.29,53.53,0
4.59,89.03,95.21,81.19,0,2,1,0,25.1,81.12,72.68,68.8,72.51,1
5.84,52.2,76.34,95.91,1,0,1,1,60.27,76.95,53.83,47.35,44.94,0
6.71,75.14,55.38,80.24,0,0,1,2,55.87,64.35,67.63,64.71,48.61,1
5.93,76.52,63.98,84.33,0,0,3,1,76.64,42.07,55.54,35.91,72.44,0
7.71,62.23,56.59,70.11,1,2,2,1,70.77,75.3,55.49,84.99,63.33,1
9.0,78.85,74.17,77.98,1,1,3,0,52.68,67.9,86.85,37.56,57.65,1
5.82,89.24,72.78,83.89,1,0,1,1,56.66,71.52,42.86,54.46,60.06,0
6.16,68.22,69.32,96.27,0,1,3,2,60.25,91.17,71.28,38.9,48.35,1
7.24,81.03,94.11,84.0,0,0,0,1,87.78,55.28,89.97,48.32,71.81,0
8.61,69.76,79.49,94.45,0,1,2,1,50.84,28.63,74.28,60.21,56.32,0
5.78,71.95,81.26,87.77,1,3,2,1,52.48,52.31,44.03,51.54,59.57,0
7.25,91.3,64.69,96.65,0,1,3,0,45.94,72.32,44.78,78.31,70.16,1
8.82,73.12,64.01,81.47,0,1,0,1,40.29,66.35,52.73,63.63,62.92,0
5.35,82.16,74.37,100.0,1,1,1,3,68.91,50.2,66.37,52.59,57.54,1
5.72,61.16,75.73,77.63,1,2,1,1,67.25,47.54,67.39,57.86,42.13,1
6.58,94.76,55.44,75.1,2,1,6,5,84.52,61.39,44.92,79.52,70.41,0
6.48,83.42,72.2,71.11,0,0,7,0,80.66,49.8,50.91,74.54,66.95,1
7.81,76.36,74.14,100.0,0,1,3,2,100.0,72.77,51.83,41.78,59.79,0
7.24,83.18,71.85,89.38,0,0,1,1,62.82,60.65,61.29,49.11,53.55,1
5.23,65.31,65.87,78.99,0,0,1,2,59.83,57.85,93.77,67.6,66.15,1
7.52,88.64,68.6,93.24,1,0,2,1,43.2,56.14,50.0,65.65,71.77,0
6.42,75.08,72.23,88.19,0,3,3,0,75.15,69.42,49.35,43.19,67.17,1
8.27,76.16,74.91,99.7,1,2,7,2,65.9,66.55,47.0,71.99,85.66,1
6.37,73.58,80.05,68.07,1,0,2,0,74.42,68.63,73.53,45.75,74.46,1
6.36,72.77,84.81,79.61,2,0,3,0,45.77,68.34,63.38,80.86,64.71,0
7.54,84.25,71.06,77.84,0,2,2,3,69.63,65.06,50.56,68.47,74.86,1
7.76,80.3,69.44,64.24,0,1,2,2,67.28,52.57,58.56,41.89,66.58,1
7.45,83.87,78.38,91.54,1,0,4,2,66.22,56.51,52.13,51.53,66.54,1
5.31,77.92,80.11,79.57,1,2,3,1,53.07,60.87,68.44,51.26,81.56,1
7.54,82.62,69.66,88.66,1,2,0,0,83.03,92.85,100.0,62.56,55.22,1
5.97,74.23,81.9,100.0,0,2,3,2,96.8,48.47,72.26,56.74,66.28,0
7.24,98.07,83.8,78.82,1,2,2,1,46.23,60.55,62.61,41.67,80.28,1
5.58,63.89,86.92,78.21,1,0,3,2,75.53,67.28,54.03,37.69,69.71,1
7.45,89.35,91.78,83.07,0,2,4,2,17.95,62.06,43.85,68.78,61.57,1
6.19,90.31,65.34,90.89,1,0,6,0,74.7,79.96,75.01,64.58,45.53,0
5.72,70.33,74.14,76.9,0,1,3,0,34.08,61.99,74.19,61.69,38.76,1
7.71,98.06,74.11,76.32,0,0,3,5,55.6,62.95,57.01,64.33,90.91,1
7.24,86.96,73.02,91.51,0,4,1,2,42.99,76.59,82.2,50.1,69.7,1
6.39,86.74,67.51,85.41,1,1,2,0,60.55,89.54,64.32,62.94,58.99,1
8.45,78.25,59.14,63.6,0,0,2,3,77.42,84.3,75.62,100.0,70.19,1
6.56,76.04,74.93,70.97,0,3,2,1,34.28,64.22,68.44,78.79,54.63,1
7.03,76.12,66.32,95.51,1,3,3,0,58.25,65.36,61.34,55.39,62.03,1
7.27,81.51,74.86,85.62,2,1,1,5,55.79,66.61,49.68,51.63,54.71,1
6.38,90.61,66.06,75.14,2,3,1,2,89.3,67.91,61.82,14.23,49.04,1
7.47,79.63,63.0,80.47,0,0,3,1,70.91,54.98,76.63,77.1,40.74,1
6.47,69.8,76.34,82.12,2,0,0,1,45.16,78.18,56.38,72.59,46.83,1
6.59,85.42,75.51,88.62,1,3,1,1,56.46,68.69,70.6,51.3,78.26,0
8.36,86.29,79.79,69.78,2,1,2,2,88.9,65.42,47.76,37.09,54.16,0
5.96,83.89,95.86,74.43,0,1,1,1,75.43,49.48,75.7,41.52,72.42,0
4.59,84.71,76.77,84.46,0,1,3,0,49.31,66.81,68.69,67.11,77.48,1
8.61,75.56,78.85,81.1,1,1,2,0,59.73,41.39,45.97,58.57,66.2,0
9.55,69.64,63.22,87.15,1,0,1,0,60.24,58.44,60.64,71.07,62.42,1
6.59,70.19,61.13,70.93,0,0,3,0,55.39,58.68,77.97,61.38,67.6,0
5.06,63.28,89.83,85.21,1,3,1,0,36.64,69.73,45.11,75.47,61.0,0
6.69,80.13,64.77,91.82,1,1,2,1,53.16,90.44,47.94,65.91,80.45,1
6.71,77.25,63.56,86.38,1,1,3,1,86.23,73.43,62.96,73.26,88.52,0
6.81,74.04,73.61,83.25,2,3,4,2,57.9,84.83,96.0,26.57,83.4,1
5.89,51.4,73.1,81.14,0,1,3,2,62.35,74.39,53.91,40.25,40.18,1
7.58,66.77,64.97,74.49,0,0,5,0,66.25,80.63,71.43,54.17,60.76,1
7.52,88.09,70.95,81.35,1,2,1,2,99.49,90.14,67.9,77.27,66.05,1
5.51,72.02,86.29,93.34,0,0,1,0,64.14,56.49,55.16,90.09,71.56,0
7.7,81.25,65.94,80.93,0,4,2,0,81.5,55.64,66.42,57.37,45.27,1
9.05,65.48,60.06,73.99,1,4,1,1,54.43,74.69,57.28,50.21,45.08,1
7.17,90.95,83.43,77.57,1,2,3,0,59.85,65.95,58.63,28.72,81.68,0
6.66,76.7,78.92,83.81,2,0,2,2,64.2,68.86,39.08,73.82,59.29,0
6.86,80.61,67.79,78.64,0,2,4,0,51.61,62.77,63.63,51.2,48.15,1
7.62,98.93,58.18,86.37,0,2,3,2,60.74,58.25,77.49,100.0,52.76,1
5.27,91.65,66.55,86.71,1,1,2,1,78.21,87.07,64.86,48.17,70.69,0
7.16,75.24,73.45,90.0,2,2,1,1,51.19,51.7,80.36,93.68,56.13,1
6.61,72.66,85.66,94.81,1,3,4,1,64.0,74.92,72.7,71.97,68.9,1
8.85,75.07,63.63,90.96,1,2,4,1,75.34,72.81,63.11,43.55,54.26,1
6.83,82.59,73.15,73.59,2,2,0,1,50.81,45.47,54.58,63.71,45.07,0
8.67,77.05,80.75,73.87,1,1,4,1,81.53,55.2,56.71,72.34,83.09,1
5.9,74.44,50.19,81.32,1,0,2,1,65.17,57.39,41.94,56.4,70.78,0
7.59,91.2,84.34,77.94,1,0,0,4,61.36,73.34,59.99,73.41,61.99,0
7.32,76.97,62.18,71.76,0,1,3,1,31.87,61.23,66.19,73.06,59.74,1
6.13,98.7,77.32,78.02,1,2,4,1,58.02,64.89,89.73,69.54,83.58,1
7.18,78.82,76.47,77.73,3,0,4,0,69.95,47.05,71.92,59.74,73.1,0
8.21,94.07,84.85,75.95,1,0,1,1,91.93,96.24,51.03,41.2,79.76,1
6.68,81.22,79.51,79.16,0,1,0,1,73.09,66.93,42.41,58.77,59.0,1
5.31,86.67,50.23,92.61,1,2,3,3,82.02,72.49,60.9,62.82,66.61,1
6.98,71.48,66.15,83.79,0,0,2,0,44.65,58.97,76.18,29.98,70.83,1
6.1,70.32,75.38,100.0,0,0,5,0,61.97,57.52,60.69,62.71,59.4,1
6.66,82.14,72.05,83.53,0,1,1,0,83.53,90.86,72.13,58.45,64.85,1
6.92,86.9,78.78,79.39,1,0,4,1,49.8,41.08,61.28,39.25,59.0,1
5.29,78.36,81.89,82.04,0,2,3,0,79.44,69.62,74.76,54.67,70.79,1
5.38,66.42,80.08,84.31,1,0,1,0,75.73,50.25,40.04,55.01,50.14,0
7.48,65.76,71.86,85.92,2,1,2,1,68.4,60.73,88.06,90.88,72.86,1
6.48,65.16,55.54,100.0,1,0,1,1,58.74,57.7,47.31,63.52,69.73,0
4.44,62.09,69.45,74.39,1,1,3,0,48.22,53.18,75.91,76.58,63.56,1
7.78,78.99,78.16,89.73,0,2,4,1,92.41,66.46,59.92,58.11,71.39,1
7.27,88.13,63.1,83.87,1,0,4,3,74.11,32.62,62.26,30.02,61.62,1
6.29,77.88,80.31,67.86,3,3,1,2,69.45,61.9,60.38,70.76,57.96,0
5.68,57.66,83.08,88.94,0,0,1,2,57.39,64.83,67.83,49.47,72.52,0
7.84,76.28,75.27,93.41,1,0,1,0,64.61,48.33,70.86,54.63,73.04,1
7.35,76.53,43.36,74.29,0,2,3,0,66.64,85.67,79.88,43.15,59.91,1
9.38,96.86,61.22,81.92,2,1,3,1,70.4,58.27,85.12,61.16,58.88,1
7.42,64.89,92.86,66.47,0,1,1,1,75.75,62.91,68.98,77.04,63.8,1
7.39,74.48,68.53,70.67,0,2,5,2,51.48,58.3,89.71,74.92,59.38,1
6.83,93.35,54.16,91.43,1,0,3,1,40.53,64.94,65.39,85.38,84.3,0
7.82,82.05,86.35,77.8,0,2,3,0,65.35,83.01,80.16,87.65,69.8,1
7.63,83.07,74.13,72.02,0,0,3,3,36.04,98.15,70.43,27.27,66.18,1
8.25,79.03,85.05,84.07,0,1,2,4,58.82,75.69,55.76,40.9,54.81,1
6.48,80.97,76.77,77.3,0,0,1,0,55.85,80.14,66.72,31.07,74.87,0
6.56,85.0,78.59,77.76,0,0,1,1,71.87,88.31,71.55,70.11,58.66,1
6.52,70.71,77.63,88.65,1,0,2,1,95.72,69.24,63.52,48.91,58.17,0
7.79,85.9,80.97,71.54,1,1,3,1,32.89,86.41,70.19,52.17,75.27,0
8.5,65.64,96.77,73.85,1,0,3,0,100.0,76.3,76.98,56.53,70.65,0
6.54,80.96,83.71,83.39,0,1,0,1,60.27,67.87,63.65,66.12,35.96,1
6.58,79.61,58.2,90.72,0,0,2,1,69.56,70.55,19.84,36.23,64.11,1
7.31,72.45,78.47,93.14,0,0,1,1,41.36,42.32,89.17,39.86,67.51,0
6.75,77.8,85.41,76.01,0,3,1,0,79.95,69.8,59.54,60.02,61.92,0
7.95,72.4,86.03,90.44,2,0,5,1,64.66,45.93,51.65,79.18,67.92,1
4.75,68.35,69.73,74.94,0,0,0,1,63.02,44.87,47.14,59.59,44.28,0
6.17,74.82,85.65,98.44,1,1,1,1,33.0,68.51,58.95,47.33,32.03,0
6.22,68.06,83.28,71.8,0,2,4,4,65.18,51.52,55.56,25.63,54.29,0
4.68,80.91,99.73,93.96,1,1,0,1,77.53,65.91,52.94,75.24,69.39,0
6.04,67.65,66.5,76.09,1,1,1,2,60.22,67.8,53.77,48.23,27.3,0
6.08,84.41,68.93,100.0,0,2,4,3,82.79,68.38,71.95,41.64,55.88,1
6.8,67.37,70.94,87.32,0,1,2,0,82.13,54.25,94.46,32.55,42.93,1
8.11,72.9,69.1,72.86,1,0,1,1,53.74,77.68,76.31,36.97,63.09,1
6.75,72.38,65.1,77.3,2,2,2,1,89.52,64.84,80.84,44.62,89.49,0
5.97,89.93,46.37,89.03,0,2,1,1,64.72,71.73,58.34,56.18,63.39,1
6.94,80.97,69.65,91.47,0,0,2,3,64.8,50.45,65.57,40.66,64.71,0
8.05,76.09,77.69,81.36,0,1,4,0,65.58,63.68,70.4,62.97,76.07,1
6.02,82.49,69.07,82.4,1,1,1,0,65.11,80.26,54.11,56.06,66.26,0
6.09,59.04,93.35,88.83,0,0,0,2,21.92,78.61,57.61,95.55,63.42,1
7.56,77.61,74.13,83.19,1,3,0,3,61.03,55.64,76.82,32.73,77.12,1
6.78,95.98,86.91,70.36,0,0,4,1,42.18,58.91,80.35,62.58,71.66,1
7.65,79.19,76.61,74.68,0,1,2,0,90.02,53.15,65.01,62.78,69.46,0
6.99,78.61,82.26,84.12,1,1,2,3,89.38,57.47,46.07,43.51,64.33,1
7.7,82.93,76.79,92.94,0,1,3,1,77.63,47.81,59.57,61.52,61.85,1
5.96,86.06,87.69,96.54,1,3,2,2,60.18,64.2,42.38,72.31,77.01,1
6.99,60.02,74.56,89.02,0,1,1,2,47.87,74.23,65.13,61.54,61.96,0
6.79,62.86,78.96,84.59,0,0,2,2,53.48,55.79,67.83,82.15,80.78,1
5.78,79.89,77.66,88.74,0,0,3,2,95.08,64.82,59.94,25.16,53.43,0
5.44,71.57,71.12,76.0,0,0,3,2,52.92,63.13,67.63,46.52,83.21,0
7.69,89.81,78.05,80.62,0,1,1,0,26.31,79.72,70.25,83.6,71.66,1
6.65,75.16,96.34,74.58,1,1,1,1,80.48,58.05,67.85,74.59,54.38,1
5.98,60.59,71.3,70.76,1,2,3,0,88.01,58.52,45.98,68.65,72.11,1
6.9,66.59,78.19,85.0,0,0,3,3,90.55,55.0,60.2,79.73,58.2,1
8.13,53.25,86.58,83.67,0,1,1,2,80.61,51.21,70.15,29.34,66.4,1
4.72,75.89,85.4,88.19,0,0,5,3,83.22,72.88,87.68,72.73,60.16,1
5.5,76.3,74.12,86.92,0,0,1,0,64.85,64.24,59.92,77.03,64.41,0
6.08,74.18,50.17,84.18,0,1,4,1,30.78,66.71,72.26,49.46,77.3,1
8.46,87.71,79.17,87.01,2,1,5,0,64.45,82.57,77.17,100.0,72.22,1
7.28,88.79,51.81,81.62,1,1,0,0,73.95,83.32,61.05,63.14,52.5,1
7.77,76.47,88.7,85.72,1,0,4,0,61.84,44.6,81.23,24.92,53.18,0
5.86,58.79,75.69,75.46,0,1,4,2,61.11,74.42,82.03,66.1,69.25,0
5.88,83.56,84.0,85.33,0,1,2,2,48.57,68.93,84.71,48.48,70.12,0
7.45,83.0,64.98,88.02,0,1,2,0,47.97,60.0,70.88,78.64,57.91,1
7.06,80.78,58.47,75.97,0,0,0,3,93.41,70.26,99.4,68.77,85.1,1
7.55,86.83,76.61,82.47,2,0,6,3,93.99,43.56,54.77,50.43,75.76,1
6.81,67.52,73.66,76.39,0,1,2,3,63.96,85.01,95.86,84.04,58.49,1
7.28,96.08,69.08,77.26,0,1,3,1,68.5,72.69,75.52,75.03,57.33,1
7.16,69.37,74.85,71.88,0,1,2,1,48.31,54.75,84.11,46.75,63.27,1
7.78,84.74,100.0,93.39,1,2,2,2,74.28,58.39,59.2,57.57,62.02,1
7.81,62.81,82.35,91.59,2,0,2,2,92.15,43.86,76.67,68.27,81.07,1
5.38,69.63,84.49,86.84,1,3,0,3,39.53,61.92,85.4,54.17,77.81,1
4.75,91.65,82.44,99.75,0,1,7,1,71.42,59.72,47.69,54.65,66.42,0
8.0,75.65,88.79,80.3,0,0,3,1,72.62,48.77,61.55,60.59,74.13,1
8.19,85.56,72.1,100.0,1,1,2,0,72.44,76.1,31.88,42.95,75.88,1
5.98,80.13,53.45,79.95,1,2,2,2,90.29,82.6,61.33,24.28,66.7,1
5.14,77.06,72.11,84.3,0,1,1,1,96.58,65.64,51.76,63.83,70.83,0
7.1,90.27,82.12,78.42,0,0,2,0,60.26,62.03,60.73,28.18,73.13,1
7.93,75.87,64.3,85.35,1,1,1,0,74.77,71.65,100.0,44.11,71.85,0
8.8,61.97,72.24,89.52,0,1,2,0,65.35,65.74,89.77,31.65,56.65,1
7.52,70.77,67.08,80.97,0,3,3,3,53.89,51.93,42.41,33.62,57.87,1
6.63,82.96,89.02,97.99,2,1,3,1,68.33,57.52,72.34,66.82,62.54,1
6.11,81.56,81.49,84.15,1,3,4,2,74.74,62.15,75.98,56.44,57.52,1
7.01,63.9,80.52,84.43,1,0,2,2,67.47,69.23,58.93,55.87,48.32,0
6.7,71.48,80.22,73.82,0,1,0,2,49.9,66.12,66.67,38.95,74.11,1
5.98,72.76,73.63,85.77,1,0,2,0,56.58,68.73,68.14,49.51,70.16,0
9.05,74.71,75.98,80.79,0,1,2,3,56.71,46.18,43.8,66.02,49.93,1
8.79,65.62,62.15,76.53,2,4,3,2,50.52,74.65,48.53,59.17,63.11,1
8.14,72.34,52.14,75.01,1,0,3,3,69.02,66.04,66.58,73.16,63.79,1
6.08,71.44,75.5,100.0,0,1,2,0,70.69,99.19,65.49,75.44,68.18,1
7.86,84.94,77.24,79.63,1,0,1,2,79.67,60.96,53.37,55.96,53.02,1
7.64,85.28,86.09,68.89,1,0,3,0,50.28,70.2,52.08,30.36,49.75,0
7.44,76.69,89.71,75.72,0,5,2,3,54.76,100.0,62.65,47.89,72.24,1
8.25,74.47,89.7,81.54,0,3,3,1,88.87,68.52,77.29,58.44,47.59,1
7.64,79.26,64.02,86.92,0,0,0,0,61.37,65.12,62.85,47.58,63.21,1
7.74,70.65,70.48,86.99,2,1,3,1,64.48,53.17,88.34,43.13,62.09,0
7.64,67.68,78.8,88.09,0,1,1,2,61.2,85.87,53.56,61.12,64.52,1
7.34,69.54,99.32,76.2,0,0,1,0,82.13,50.93,66.9,98.88,69.03,1
5.22,72.29,88.8,85.06,0,0,1,1,82.75,71.55,58.69,52.19,85.18,0
7.08,67.53,85.19,74.12,0,3,2,0,81.81,59.84,72.82,59.96,46.81,1
6.44,79.46,70.12,76.42,2,0,4,1,64.43,63.54,52.28,39.01,76.52,0
5.72,84.57,65.17,73.74,0,1,5,2,50.04,47.49,92.91,79.89,35.85,1
8.68,63.72,81.89,71.3,1,0,4,2,94.8,83.46,38.64,74.0,82.72,1
8.73,78.23,62.99,91.58,0,3,2,0,77.7,62.39,89.73,72.89,41.49,1
8.36,76.02,71.62,88.2,0,1,3,1,56.69,50.2,65.35,81.76,95.24,1
7.26,81.07,72.85,90.79,0,0,5,1,86.78,82.28,72.29,53.16,61.32,1
8.35,77.88,89.93,82.35,0,1,2,1,55.43,59.45,84.02,55.16,81.48,1
7.01,64.92,70.45,88.99,1,2,2,3,86.57,70.35,76.86,87.36,79.01,1
7.2,66.64,49.61,66.15,1,0,3,2,87.65,76.94,53.05,70.12,60.76,1
5.91,78.26,79.04,89.77,1,0,2,1,49.26,72.16,73.0,24.49,61.68,0
7.4,87.26,67.01,83.59,0,0,3,1,73.31,37.44,92.01,67.28,55.95,1
7.06,58.07,74.43,87.64,0,3,0,0,76.52,75.04,50.69,50.69,75.45,1
5.7,81.11,73.13,85.42,0,1,2,1,100.0,64.69,95.78,74.37,60.92,1
6.95,88.71,71.26,73.12,0,1,4,2,52.12,61.72,69.79,66.53,56.17,1
6.92,76.62,81.9,68.52,1,2,1,2,86.92,64.58,57.5,32.15,72.45,0
8.8,82.95,58.67,75.59,0,0,3,0,64.28,45.07,50.6,64.3,55.23,1
7.89,71.67,68.83,87.08,0,0,2,1,44.14,68.5,60.65,63.37,62.05,1
7.01,76.93,80.84,88.21,2,1,1,2,62.08,48.26,34.67,65.82,67.29,1
7.25,63.41,67.86,69.69,1,0,2,1,64.04,62.28,57.77,69.21,58.29,1
7.04,56.9,57.91,73.17,1,0,1,2,47.06,68.03,60.06,83.94,60.1,0
6.8,86.48,80.69,75.49,1,2,2,1,68.99,79.96,47.88,66.62,84.42,1
5.92,69.14,85.23,78.78,0,0,3,0,79.32,55.35,75.22,60.37,63.55,0
6.85,73.9,73.55,69.74,1,0,2,3,67.81,84.87,60.72,78.37,61.68,1
6.25,65.52,54.39,69.2,0,1,3,0,55.33,78.31,54.46,95.88,63.9,1
5.75,65.31,81.06,74.6,0,0,2,1,61.62,60.42,59.12,74.64,71.45,1
7.51,76.44,57.4,82.78,2,1,1,0,63.93,51.59,69.33,63.3,53.59,0
7.39,71.43,77.09,71.37,0,0,2,2,67.48,47.23,65.1,66.92,71.13,0
5.21,81.4,65.13,80.96,0,2,1,2,81.76,69.53,53.49,64.1,69.07,1
6.88,82.07,62.4,91.53,0,0,2,1,68.35,56.42,65.88,60.3,44.54,1
8.0,80.89,69.58,70.28,1,1,1,0,41.56,81.59,63.24,94.64,87.53,0
8.06,80.15,72.17,80.14,0,0,2,2,55.0,57.17,46.91,48.02,83.53,0
8.03,92.2,67.56,91.22,0,2,2,2,66.66,54.29,59.67,78.48,56.39,1
7.04,68.39,79.89,78.24,1,1,3,2,81.99,69.04,72.69,57.99,52.53,0
